insured_name,customer_id,city,Industry
Lucas I. Brown,C0001,Miami,Manufacturing
Chris X. Clark,C0002,Las Vegas,Telecom
Mohamed-Li Thompson,C0003,Miami,Telecom
Mia Smith,C0004,Orlando,Telecom
Emma Garcia,C0005,Portland,Healthcare
Abigail N. Young,C0006,Boston,Technology
Chris Davis,C0007,Denver,Logistics
Ana Anderson,C0008,San Diego,Healthcare
Evelyn Hernandez,C0009,San Jose,Finance
Sophia Wilson,C0010,Portland,Education
Isabella-Aryan Davis,C0011,San Diego,Technology
Mohamed Allen,C0012,Phoenix,Insurance
Lucas Hall,C0013,Miami,Technology
Harper-Lucas Wright,C0014,Chicago,Telecom
Evelyn M. Garcia,C0015,Phoenix,Telecom
Aryan Lee,C0016,Seattle,Manufacturing
Michael Johnson,C0017,Denver,Manufacturing
Joseph Thompson,C0018,Atlanta,Insurance
Noah King,C0019,Phoenix,Retail
Aryan Clark,C0020,New York,Logistics
David Thompson,C0021,Chicago,Telecom
Liam Williams,C0022,Chicago,Retail
Ella-Noah Lee,C0023,New York,Insurance
Mason Rodriguez,C0024,Seattle,Finance
Amelia King,C0025,Atlanta,Education
Ana Wilson,C0026,Orlando,Technology
Mason D. Lewis,C0027,Portland,Technology
Michael Lopez,C0028,Boston,Retail
Sophia Lewis,C0029,New York,Education
Liam L. Smith,C0030,Las Vegas,Technology
Aryan Johnson,C0031,Denver,Finance
Evelyn Moore,C0032,Dallas,Retail
Chris Lee,C0033,Phoenix,Telecom
Daniel White,C0034,Dallas,Manufacturing
Harper Wilson,C0035,Boston,Insurance
David Martin,C0036,Denver,Education
John Thompson,C0037,Seattle,Finance
Harper C. Lopez,C0038,Las Vegas,Healthcare
Daniel H. Martinez,C0039,Phoenix,Insurance
Li S. Jackson,C0040,New York,Insurance
Aryan Young,C0041,Denver,Finance
Amelia Thomas,C0042,Portland,Healthcare
Amelia-Noah Lopez,C0043,Orlando,Education
Ella G. Allen,C0044,Miami,Telecom
Olivia Jones,C0045,Miami,Finance
Olivia Young,C0046,Seattle,Telecom
Michael Smith,C0047,Portland,Manufacturing
Pat Thomas,C0048,San Jose,Healthcare
Pat M. Taylor,C0049,Phoenix,Insurance
Maria Thomas,C0050,San Diego,Telecom
Amelia Gonzalez,C0051,Miami,Healthcare
Isabella Clark,C0052,Seattle,Healthcare
Isabella Moore,C0053,Chicago,Healthcare
Mason-Mohamed Williams,C0054,Atlanta,Manufacturing
Noah Brown,C0055,New York,Hospitality
Sara V. White,C0056,New York,Hospitality
Mason Martinez,C0057,Orlando,Education
Aryan Rodriguez,C0058,Phoenix,Insurance
James-Olivia Wright,C0059,New York,Hospitality
Ana Williams,C0060,Chicago,Education
David Williams,C0061,Chicago,Insurance
Michael Jackson,C0062,San Diego,Telecom
John Lee,C0063,Atlanta,Finance
David Jones,C0064,Orlando,Telecom
Chris Rodriguez,C0065,Boston,Manufacturing
Amelia Lopez,C0066,Phoenix,Healthcare
Mohamed Lopez,C0067,Seattle,Education
Abigail Jones,C0068,Orlando,Insurance
Sophia-Mohamed Gonzalez,C0069,Las Vegas,Retail
Sophia Johnson,C0070,Chicago,Logistics
Chris Johnson,C0071,San Diego,Healthcare
David Anderson,C0072,Denver,Education
Abigail Jackson,C0073,New York,Retail
Joseph Wright,C0074,San Diego,Retail
David X. Thomas,C0075,Las Vegas,Education
Ella Wright,C0076,Orlando,Manufacturing
Aaryan Miller,C0077,Portland,Healthcare
Daniel Moore,C0078,Austin,Education
Maria Hall,C0079,Seattle,Manufacturing
Noah-Abigail Martinez,C0080,Phoenix,Education
Lucas Martin,C0081,Dallas,Education
John Brown,C0082,New York,Technology
Sara Brown,C0083,San Diego,Education
Emma White,C0084,Las Vegas,Hospitality
Li N. Rodriguez,C0085,Seattle,Telecom
Joseph Young,C0086,Orlando,Manufacturing
Aisha V. Thomas,C0087,Las Vegas,Education
Mia Martinez,C0088,Las Vegas,Technology
Mason Wilson,C0089,Orlando,Technology
Sophia Jones,C0090,San Jose,Retail
Mia Thompson,C0091,Seattle,Technology
Maria Davis,C0092,Atlanta,Education
Olivia Hernandez,C0093,Austin,Retail
Amelia Williams,C0094,New York,Education
Mohamed Hall,C0095,Phoenix,Manufacturing
Ella B. Davis,C0096,Miami,Insurance
Mia Allen,C0097,Las Vegas,Hospitality
Li Gonzalez,C0098,Miami,Retail
Lucas Y. Gonzalez,C0099,Portland,Finance
Abigail Thomas,C0100,Orlando,Telecom
Olivia Johnson,C0101,Denver,Insurance
Chris Young,C0102,Dallas,Hospitality
James Lewis,C0103,Orlando,Telecom
Emma Hall,C0104,Chicago,Insurance
Olivia Rodriguez,C0105,Phoenix,Telecom
Liam Lopez,C0106,Orlando,Technology
Aryan Rodriguez,C0107,Denver,Retail
Chris Garcia,C0108,Miami,Finance
Emma Thomas,C0109,Seattle,Manufacturing
Michael Thomas,C0110,Orlando,Healthcare
Daniel King,C0111,Seattle,Education
Maria Lewis,C0112,Portland,Logistics
Sophia Clark,C0113,Las Vegas,Manufacturing
Liam Garcia,C0114,San Jose,Education
Amelia Lee,C0115,Portland,Insurance
Joseph Jones,C0116,Las Vegas,Logistics
Isabella-Emma Thompson,C0117,Chicago,Insurance
Pat Johnson,C0118,Austin,Education
James Lewis,C0119,Portland,Logistics
Aaryan A. Hall,C0120,Orlando,Telecom
Sara-Lucas Anderson,C0121,Seattle,Healthcare
Aryan Davis,C0122,Miami,Retail
Liam G. Lee,C0123,Austin,Technology
Abigail T. Anderson,C0124,Orlando,Finance
Abigail J. Hall,C0125,Denver,Hospitality
John Wright,C0126,San Jose,Logistics
Harper W. Davis,C0127,Portland,Manufacturing
Ana Gonzalez,C0128,New York,Finance
Ella Thompson,C0129,San Jose,Education
Mohamed-Emma Martin,C0130,Portland,Insurance
Ana Thomas,C0131,Portland,Insurance
Harper Jones,C0132,Atlanta,Technology
Mia Young,C0133,Austin,Logistics
Michael Clark,C0134,Miami,Finance
Aaryan King,C0135,New York,Hospitality
Amelia Taylor,C0136,Boston,Retail
Liam Davis,C0137,Phoenix,Hospitality
Harper-Li King,C0138,Denver,Manufacturing
Evelyn Thomas,C0139,Orlando,Insurance
Lucas Gonzalez,C0140,Denver,Technology
Aryan Taylor,C0141,New York,Education
Liam Jackson,C0142,Orlando,Telecom
James Anderson,C0143,Phoenix,Manufacturing
Ana Clark,C0144,Dallas,Retail
Li Davis,C0145,New York,Telecom
Mia Wilson,C0146,Phoenix,Manufacturing
Aisha Miller,C0147,Chicago,Technology
Sara Johnson,C0148,Chicago,Insurance
Ana J. Allen,C0149,Austin,Insurance
Olivia-Daniel Martinez,C0150,Austin,Finance
Michael-Lucas Williams,C0151,Atlanta,Healthcare
Chris Jones,C0152,Denver,Manufacturing
Ana Jackson,C0153,San Diego,Hospitality
Aryan Lewis,C0154,Austin,Technology
Daniel Thompson,C0155,New York,Healthcare
Mia Y. Clark,C0156,Miami,Manufacturing
Aaryan H. Lee,C0157,Chicago,Telecom
Mohamed O. Miller,C0158,Orlando,Hospitality
Liam J. Wilson,C0159,Orlando,Technology
Harper Allen,C0160,Las Vegas,Technology
Ella Young,C0161,Las Vegas,Manufacturing
Emma Brown,C0162,Las Vegas,Technology
Michael F. Jones,C0163,San Diego,Technology
Mia Clark,C0164,Austin,Finance
Olivia Gonzalez,C0165,Phoenix,Telecom
Sophia Moore,C0166,Las Vegas,Logistics
Evelyn-Aryan Martinez,C0167,Atlanta,Hospitality
Isabella Smith,C0168,Phoenix,Hospitality
Sara Lewis,C0169,Atlanta,Insurance
Joseph Rodriguez,C0170,Atlanta,Insurance
Mohamed Moore,C0171,Atlanta,Finance
Daniel Miller,C0172,Phoenix,Logistics
Michael Lewis,C0173,Boston,Technology
James Brown,C0174,Dallas,Healthcare
Amelia Allen,C0175,Miami,Telecom
Aisha White,C0176,San Diego,Healthcare
Li Rodriguez,C0177,Austin,Insurance
Ana Smith,C0178,Miami,Retail
Maria N. Jackson,C0179,Denver,Manufacturing
Michael D. Wright,C0180,Atlanta,Retail
Liam Wright,C0181,Phoenix,Logistics
Michael Moore,C0182,Dallas,Retail
Noah Davis,C0183,Las Vegas,Retail
Daniel Williams,C0184,San Jose,Education
Joseph Young,C0185,Phoenix,Technology
Michael Thompson,C0186,Portland,Retail
Olivia Jackson,C0187,San Diego,Telecom
Noah Hernandez,C0188,Orlando,Manufacturing
Isabella Taylor,C0189,Seattle,Education
Evelyn Moore,C0190,San Jose,Retail
Liam S. Johnson,C0191,Boston,Finance
Daniel Allen,C0192,Austin,Healthcare
Evelyn Jones,C0193,Chicago,Finance
Liam Young,C0194,Orlando,Logistics
Lucas Williams,C0195,Portland,Telecom
Noah Martinez,C0196,Austin,Telecom
Sara U. White,C0197,Atlanta,Technology
Aryan D. Clark,C0198,San Diego,Finance
Olivia Miller,C0199,Seattle,Education
Ella Johnson,C0200,Chicago,Manufacturing
Mason Thomas,C0201,Chicago,Retail
Mohamed White,C0202,Miami,Insurance
Joseph O. Thompson,C0203,Atlanta,Technology
Olivia Rodriguez,C0204,Austin,Technology
Amelia O. Jackson,C0205,Boston,Hospitality
Maria Lopez,C0206,Austin,Technology
Li Taylor,C0207,San Jose,Hospitality
Aisha Thompson,C0208,Seattle,Logistics
Aaryan Smith,C0209,Orlando,Healthcare
Joseph White,C0210,Las Vegas,Technology
Abigail Young,C0211,Miami,Manufacturing
Mia Rodriguez,C0212,Atlanta,Retail
Lucas Brown,C0213,Phoenix,Insurance
Sara Thompson,C0214,Las Vegas,Technology
James Clark,C0215,San Diego,Telecom
David Anderson,C0216,Portland,Retail
Aaryan Wright,C0217,San Diego,Technology
Evelyn Allen,C0218,Denver,Retail
Abigail Garcia,C0219,San Jose,Telecom
Aisha-Sophia Williams,C0220,Denver,Insurance
Aisha Lee,C0221,San Jose,Education
Ana-David Lee,C0222,Dallas,Education
Joseph-Michael White,C0223,Austin,Technology
Lucas B. Thomas,C0224,Seattle,Technology
Liam R. Brown,C0225,Chicago,Logistics
Olivia Anderson,C0226,Dallas,Logistics
Isabella Clark,C0227,Atlanta,Finance
Michael Moore,C0228,Phoenix,Healthcare
Harper Anderson,C0229,Miami,Education
Ana Lee,C0230,Atlanta,Education
Sara Taylor,C0231,Portland,Insurance
Mohamed Lee,C0232,Seattle,Healthcare
Ella Martinez,C0233,New York,Manufacturing
Mohamed Hall,C0234,Miami,Manufacturing
James T. Lewis,C0235,Seattle,Technology
Daniel Jones,C0236,San Diego,Retail
Ana Lee,C0237,Boston,Manufacturing
Isabella I. Martinez,C0238,Seattle,Retail
Evelyn Thomas,C0239,Austin,Insurance
Abigail Anderson,C0240,Dallas,Manufacturing
Mia Johnson,C0241,Atlanta,Telecom
Maria-Liam Hernandez,C0242,Portland,Logistics
Emma W. Lee,C0243,Las Vegas,Insurance
Mohamed T. King,C0244,Chicago,Finance
Chris Rodriguez,C0245,Orlando,Education
Noah White,C0246,New York,Logistics
Ana Young,C0247,Atlanta,Telecom
Evelyn Allen,C0248,Miami,Logistics
James Hall,C0249,Denver,Education
Emma Martinez,C0250,Chicago,Insurance
Mohamed-Ana Williams,C0251,Orlando,Education
Ella Jones,C0252,Dallas,Telecom
James L. Lee,C0253,Portland,Logistics
Daniel Wright,C0254,New York,Technology
Aisha Brown,C0255,Atlanta,Insurance
Aryan R. Allen,C0256,Boston,Finance
Abigail Rodriguez,C0257,Portland,Telecom
Abigail Hall,C0258,Dallas,Healthcare
Mia Wright,C0259,Seattle,Retail
Aaryan Gonzalez,C0260,Boston,Healthcare
Pat V. Allen,C0261,San Jose,Finance
Chris-Evelyn Clark,C0262,Dallas,Manufacturing
Noah Thomas,C0263,Phoenix,Education
Abigail Thompson,C0264,Chicago,Retail
Abigail C. White,C0265,Phoenix,Insurance
Amelia Thomas,C0266,Phoenix,Manufacturing
Abigail N. Martin,C0267,Denver,Technology
Amelia Lee,C0268,Phoenix,Healthcare
Aryan-Li Taylor,C0269,Phoenix,Manufacturing
Abigail Jones,C0270,Denver,Healthcare
Liam Clark,C0271,Dallas,Manufacturing
Mason Jackson,C0272,Denver,Logistics
Daniel A. Clark,C0273,Austin,Finance
Daniel Martinez,C0274,Orlando,Logistics
Maria Brown,C0275,Chicago,Hospitality
Olivia Hall,C0276,San Jose,Finance
Aryan Thomas,C0277,San Jose,Technology
Evelyn Martinez,C0278,Denver,Telecom
Lucas Brown,C0279,San Diego,Education
Aisha Clark,C0280,Chicago,Manufacturing
Ana Jones,C0281,Chicago,Finance
Pat Lewis,C0282,New York,Hospitality
Olivia Lee,C0283,Atlanta,Hospitality
James Allen,C0284,Austin,Finance
Liam Hernandez,C0285,New York,Healthcare
Aisha O. Martin,C0286,Austin,Healthcare
Sara-Daniel Anderson,C0287,Portland,Finance
Mia White,C0288,Dallas,Healthcare
Olivia Wright,C0289,Boston,Hospitality
Liam B. Martin,C0290,Austin,Finance
Ella King,C0291,Denver,Telecom
Lucas W. Miller,C0292,Austin,Insurance
Mason Martin,C0293,Las Vegas,Technology
Noah Thomas,C0294,Seattle,Education
Mohamed V. Martinez,C0295,San Jose,Technology
Aaryan Clark,C0296,New York,Retail
James Williams,C0297,Boston,Technology
Lucas Gonzalez,C0298,Orlando,Finance
Maria Jackson,C0299,Portland,Retail
Amelia Gonzalez,C0300,Atlanta,Telecom
Mohamed Lopez,C0301,Seattle,Education
Maria Miller,C0302,San Diego,Insurance
Li Garcia,C0303,Phoenix,Finance
Mason Lewis,C0304,Dallas,Healthcare
Amelia Martinez,C0305,New York,Logistics
Chris Miller,C0306,New York,Retail
Evelyn L. Hernandez,C0307,Atlanta,Manufacturing
Olivia White,C0308,Austin,Manufacturing
Sophia Garcia,C0309,Austin,Manufacturing
Aisha Lee,C0310,Austin,Technology
Abigail Taylor,C0311,Chicago,Manufacturing
Ella I. White,C0312,Seattle,Insurance
Daniel Anderson,C0313,Portland,Telecom
Daniel Brown,C0314,Phoenix,Insurance
David N. Martin,C0315,Denver,Manufacturing
Michael Hernandez,C0316,San Jose,Healthcare
Noah Martin,C0317,Denver,Education
Aryan-Harper Smith,C0318,Atlanta,Education
Ella J. Jones,C0319,Las Vegas,Insurance
Harper W. Hall,C0320,Austin,Insurance
Mia-Li Smith,C0321,Portland,Retail
Sophia Clark,C0322,San Diego,Technology
Aryan H. Wilson,C0323,San Jose,Hospitality
Olivia P. Williams,C0324,New York,Telecom
John Lopez,C0325,Chicago,Technology
Emma Smith,C0326,San Jose,Retail
Amelia L. Lee,C0327,Denver,Telecom
Sophia Martin,C0328,Seattle,Logistics
Daniel M. Moore,C0329,Boston,Technology
Evelyn-Aryan Smith,C0330,Orlando,Finance
Abigail Thompson,C0331,Seattle,Education
Sophia Martinez,C0332,San Diego,Insurance
Harper Moore,C0333,Denver,Insurance
Sara Wilson,C0334,Las Vegas,Healthcare
James Wright,C0335,Portland,Telecom
Liam U. Rodriguez,C0336,Miami,Technology
Aisha Allen,C0337,Boston,Technology
Ana Young,C0338,Orlando,Insurance
David Taylor,C0339,Orlando,Insurance
Aisha Wright,C0340,Denver,Logistics
Mohamed Thomas,C0341,Dallas,Technology
James V. Brown,C0342,Phoenix,Technology
Olivia White,C0343,Austin,Education
Olivia Johnson,C0344,New York,Logistics
Aaryan Lopez,C0345,Denver,Logistics
Aisha Martin,C0346,Seattle,Retail
Daniel White,C0347,Chicago,Finance
Aryan Lewis,C0348,New York,Healthcare
Mia Jones,C0349,Boston,Insurance
Abigail Williams,C0350,San Jose,Education
Lucas Rodriguez,C0351,Orlando,Retail
Liam Martin,C0352,Phoenix,Technology
Harper Hernandez,C0353,Orlando,Insurance
Li C. Brown,C0354,Austin,Retail
David-Amelia Gonzalez,C0355,Portland,Education
Amelia Anderson,C0356,Phoenix,Technology
Daniel Miller,C0357,Atlanta,Retail
Ella Anderson,C0358,Miami,Retail
Aryan Young,C0359,New York,Education
Olivia Young,C0360,Las Vegas,Finance
Mohamed Wilson,C0361,Austin,Telecom
Emma Lewis,C0362,Chicago,Education
Lucas Williams,C0363,Boston,Retail
David Hall,C0364,Chicago,Retail
Emma-Ana Martin,C0365,Dallas,Retail
Maria W. Miller,C0366,Miami,Education
Mason-Li King,C0367,Atlanta,Telecom
Aaryan Jones,C0368,Denver,Telecom
Lucas Miller,C0369,Chicago,Hospitality
Evelyn King,C0370,New York,Healthcare
Michael B. Allen,C0371,Atlanta,Hospitality
Aaryan Lopez,C0372,New York,Healthcare
Liam King,C0373,Phoenix,Insurance
Aryan Young,C0374,Austin,Finance
Harper N. Johnson,C0375,Austin,Insurance
Li Martinez,C0376,Orlando,Education
Evelyn Allen,C0377,San Diego,Education
Mason H. Jackson,C0378,Austin,Finance
Aaryan-Maria Hernandez,C0379,San Jose,Hospitality
Emma Garcia,C0380,Portland,Education
Joseph Thompson,C0381,Chicago,Insurance
Mason Hernandez,C0382,Seattle,Finance
Noah Martin,C0383,New York,Education
Sara Johnson,C0384,Portland,Insurance
Maria D. Jackson,C0385,San Jose,Retail
David Rodriguez,C0386,Boston,Healthcare
Noah Johnson,C0387,Dallas,Technology
Mohamed Taylor,C0388,Phoenix,Hospitality
Amelia D. White,C0389,San Jose,Education
Ella Martinez,C0390,Chicago,Manufacturing
Mia-Sara Martin,C0391,Chicago,Education
Ella Moore,C0392,Las Vegas,Telecom
Chris Martinez,C0393,San Jose,Hospitality
Evelyn Hall,C0394,Portland,Telecom
Sophia Moore,C0395,Portland,Healthcare
Aisha Martinez,C0396,New York,Technology
Ella King,C0397,Seattle,Hospitality
Liam Rodriguez,C0398,San Diego,Hospitality
Isabella Garcia,C0399,Chicago,Telecom
Lucas Clark,C0400,Chicago,Manufacturing
Sara Thompson,C0401,Seattle,Insurance
James W. Thomas,C0402,Miami,Logistics
Mason Lewis,C0403,Portland,Healthcare
Harper Jones,C0404,Atlanta,Insurance
Mason Taylor,C0405,Las Vegas,Telecom
James Jackson,C0406,Orlando,Technology
Mia Moore,C0407,Dallas,Technology
Aryan Wilson,C0408,Orlando,Insurance
James Moore,C0409,San Diego,Technology
Maria Brown,C0410,Las Vegas,Logistics
Michael Anderson,C0411,Phoenix,Healthcare
Maria O. Gonzalez,C0412,Atlanta,Technology
Evelyn Moore,C0413,Phoenix,Telecom
Harper T. Rodriguez,C0414,Orlando,Hospitality
Aryan Q. Garcia,C0415,Miami,Manufacturing
Sara Brown,C0416,Denver,Retail
John Jackson,C0417,Atlanta,Insurance
Liam Lopez,C0418,Boston,Technology
Lucas-Isabella Johnson,C0419,Miami,Telecom
Evelyn-Joseph Clark,C0420,Chicago,Logistics
David B. Hall,C0421,Portland,Logistics
Ella Moore,C0422,Portland,Technology
David S. Johnson,C0423,New York,Finance
Joseph Martinez,C0424,Dallas,Telecom
Liam King,C0425,Austin,Technology
Li F. Young,C0426,Orlando,Insurance
Lucas-James Rodriguez,C0427,San Diego,Technology
Isabella Lee,C0428,Portland,Logistics
Michael-Amelia Thomas,C0429,Denver,Retail
Chris Moore,C0430,Phoenix,Logistics
Aryan Hernandez,C0431,Phoenix,Hospitality
Evelyn U. Thompson,C0432,Boston,Manufacturing
Sara J. Lee,C0433,Chicago,Logistics
Amelia Martin,C0434,San Diego,Technology
Harper Brown,C0435,Boston,Hospitality
Aryan Garcia,C0436,Austin,Hospitality
Aisha Thomas,C0437,San Diego,Telecom
Ella Lee,C0438,Atlanta,Hospitality
Daniel O. Young,C0439,Dallas,Education
Mohamed-Sophia Wright,C0440,Las Vegas,Telecom
Li Thompson,C0441,Portland,Telecom
Olivia Brown,C0442,Austin,Finance
David-Chris Martin,C0443,Dallas,Logistics
Olivia O. Thompson,C0444,Atlanta,Technology
Evelyn Smith,C0445,Orlando,Manufacturing
Isabella L. Williams,C0446,Orlando,Finance
Sophia-Joseph Johnson,C0447,Austin,Healthcare
Maria E. Thomas,C0448,San Diego,Logistics
Aisha King,C0449,Las Vegas,Logistics
Noah Williams,C0450,Dallas,Retail
Lucas Allen,C0451,Dallas,Logistics
Mason Jones,C0452,Seattle,Healthcare
Maria Hernandez,C0453,Dallas,Logistics
Michael Garcia,C0454,Phoenix,Manufacturing
Joseph King,C0455,San Diego,Logistics
Mia Lewis,C0456,Miami,Manufacturing
Mohamed Brown,C0457,Atlanta,Healthcare
Aryan O. Clark,C0458,Miami,Telecom
Li-Mason Lewis,C0459,Phoenix,Manufacturing
Michael Wright,C0460,New York,Education
Aryan Wilson,C0461,Dallas,Manufacturing
Emma Wilson,C0462,New York,Retail
Lucas Lee,C0463,Boston,Logistics
Ella Martin,C0464,Chicago,Technology
Noah Miller,C0465,Portland,Manufacturing
Maria Allen,C0466,Las Vegas,Healthcare
Sophia Thomas,C0467,Chicago,Logistics
Aryan Rodriguez,C0468,Las Vegas,Insurance
Daniel X. Anderson,C0469,Portland,Manufacturing
Sara Rodriguez,C0470,Seattle,Finance
Li Young,C0471,Dallas,Manufacturing
Liam Davis,C0472,Las Vegas,Healthcare
Li Wright,C0473,Orlando,Insurance
Joseph Garcia,C0474,San Jose,Manufacturing
Sophia Martinez,C0475,Dallas,Education
Maria Rodriguez,C0476,Austin,Finance
Ella Clark,C0477,Las Vegas,Manufacturing
Aisha Martinez,C0478,Miami,Retail
John Rodriguez,C0479,Orlando,Logistics
Maria Jones,C0480,New York,Manufacturing
Liam Jackson,C0481,Phoenix,Insurance
Evelyn Lopez,C0482,Orlando,Education
Pat Jones,C0483,Las Vegas,Telecom
Lucas Johnson,C0484,Denver,Healthcare
Abigail Smith,C0485,Miami,Finance
Harper Q. Jones,C0486,Austin,Education
Sara White,C0487,Las Vegas,Insurance
Amelia R. Moore,C0488,Dallas,Logistics
John Smith,C0489,Phoenix,Healthcare
Mason Hall,C0490,Las Vegas,Retail
Ana E. Wright,C0491,Miami,Manufacturing
Mia Martin,C0492,San Diego,Logistics
Mohamed Anderson,C0493,Miami,Manufacturing
Maria-Daniel Lee,C0494,Atlanta,Healthcare
Mohamed Taylor,C0495,Seattle,Healthcare
Harper N. Miller,C0496,Atlanta,Education
Isabella Allen,C0497,Las Vegas,Healthcare
Aryan Davis,C0498,New York,Insurance
Aaryan Johnson,C0499,Phoenix,Telecom
Isabella K. Lee,C0500,Seattle,Manufacturing
Isabella Jones,C0501,San Jose,Finance
Maria Miller,C0502,Portland,Logistics
Amelia King,C0503,Orlando,Retail
Ella Gonzalez,C0504,Boston,Healthcare
Ana-Mia Thomas,C0505,San Diego,Hospitality
Mia Taylor,C0506,Atlanta,Technology
Ella Hernandez,C0507,San Jose,Logistics
Pat Lee,C0508,San Diego,Hospitality
Maria-Aaryan Young,C0509,Chicago,Logistics
Harper Young,C0510,Boston,Education
Ana J. Williams,C0511,Austin,Education
Abigail C. Rodriguez,C0512,Chicago,Logistics
Olivia Jackson,C0513,Seattle,Finance
Aisha T. Jackson,C0514,San Diego,Education
Daniel N. Taylor,C0515,San Jose,Finance
Evelyn King,C0516,Miami,Hospitality
Mason Miller,C0517,Phoenix,Technology
Aaryan F. Moore,C0518,San Jose,Technology
Emma-Aaryan Wilson,C0519,Miami,Insurance
Mia White,C0520,Phoenix,Healthcare
Noah Martinez,C0521,Portland,Education
Olivia Martinez,C0522,Atlanta,Hospitality
Chris Wilson,C0523,Miami,Insurance
James Miller,C0524,Phoenix,Insurance
Isabella Young,C0525,Portland,Logistics
Aisha Brown,C0526,Dallas,Retail
Amelia Lewis,C0527,Austin,Manufacturing
Olivia Young,C0528,Portland,Logistics
Amelia J. Moore,C0529,Miami,Technology
Amelia Jones,C0530,Denver,Insurance
Mia Moore,C0531,Las Vegas,Logistics
Sophia Johnson,C0532,Las Vegas,Telecom
Mia Lopez,C0533,Miami,Education
Pat Lopez,C0534,Atlanta,Logistics
Abigail Martinez,C0535,Seattle,Finance
Aaryan Garcia,C0536,New York,Hospitality
Aryan Hernandez,C0537,Atlanta,Hospitality
Harper A. Martin,C0538,Austin,Finance
Maria-Michael Thomas,C0539,Orlando,Retail
Aisha Wilson,C0540,Dallas,Insurance
Aisha X. Moore,C0541,Orlando,Insurance
James Williams,C0542,Denver,Healthcare
Daniel Martinez,C0543,Chicago,Manufacturing
Mason Miller,C0544,San Jose,Insurance
Aryan Young,C0545,Atlanta,Logistics
Noah Smith,C0546,Austin,Hospitality
Emma G. Taylor,C0547,Miami,Technology
Abigail-Ana Gonzalez,C0548,San Diego,Telecom
Pat Anderson,C0549,Phoenix,Insurance
Mason Lopez,C0550,San Jose,Hospitality
Ana Anderson,C0551,Chicago,Technology
Joseph White,C0552,Boston,Finance
Aryan L. Wilson,C0553,Orlando,Retail
Mason Taylor,C0554,San Jose,Logistics
Pat Moore,C0555,Atlanta,Retail
Sophia Miller,C0556,Boston,Insurance
Mia Johnson,C0557,Austin,Retail
Li Hall,C0558,Atlanta,Insurance
Emma Lee,C0559,Austin,Insurance
Pat Williams,C0560,Miami,Technology
Sara Rodriguez,C0561,San Diego,Insurance
Isabella Clark,C0562,Dallas,Finance
Isabella Brown,C0563,Boston,Telecom
Michael X. Lewis,C0564,Austin,Telecom
Li U. Thomas,C0565,San Diego,Manufacturing
Maria Allen,C0566,Boston,Finance
Olivia Allen,C0567,Miami,Manufacturing
Ella Clark,C0568,Orlando,Hospitality
Lucas E. Thomas,C0569,San Diego,Manufacturing
Michael Davis,C0570,Dallas,Technology
Mia W. Jackson,C0571,Phoenix,Technology
Isabella Rodriguez,C0572,Las Vegas,Finance
Chris Lewis,C0573,Phoenix,Retail
Harper E. Allen,C0574,Orlando,Education
Michael Garcia,C0575,Austin,Retail
Isabella Lopez,C0576,Austin,Finance
Lucas-Mason Young,C0577,Orlando,Technology
Harper Wright,C0578,Austin,Education
Isabella Smith,C0579,Denver,Insurance
Lucas Lee,C0580,San Diego,Telecom
Noah Davis,C0581,Austin,Technology
James Hall,C0582,Chicago,Hospitality
Daniel Moore,C0583,San Diego,Healthcare
Sara Brown,C0584,Seattle,Finance
Joseph O. Allen,C0585,Seattle,Logistics
Li Gonzalez,C0586,Phoenix,Retail
Daniel-Aisha Wright,C0587,Phoenix,Finance
Aisha Lee,C0588,San Jose,Technology
Evelyn Gonzalez,C0589,Denver,Finance
John Davis,C0590,Miami,Telecom
Amelia W. Hernandez,C0591,Boston,Finance
Daniel Thomas,C0592,Miami,Logistics
Mohamed Clark,C0593,Boston,Technology
Chris Taylor,C0594,Chicago,Retail
Mohamed Martin,C0595,Chicago,Insurance
Aisha Clark,C0596,Las Vegas,Logistics
Mia Lee,C0597,Las Vegas,Finance
Chris X. Lewis,C0598,San Jose,Education
Emma Martinez,C0599,Atlanta,Finance
Aryan Jackson,C0600,Phoenix,Healthcare
Daniel Allen,C0601,Dallas,Hospitality
Mason Davis,C0602,Seattle,Manufacturing
Liam P. Taylor,C0603,Atlanta,Hospitality
Mohamed-Aisha Martin,C0604,Las Vegas,Education
Chris Taylor,C0605,Boston,Telecom
Amelia Miller,C0606,San Diego,Finance
John I. Thompson,C0607,Miami,Healthcare
Joseph Johnson,C0608,Phoenix,Telecom
Abigail Thomas,C0609,Atlanta,Telecom
Sophia C. White,C0610,Phoenix,Finance
Mason Wright,C0611,Dallas,Education
Noah Thompson,C0612,Atlanta,Finance
Maria Gonzalez,C0613,Miami,Healthcare
Aryan Williams,C0614,New York,Hospitality
Sara Wilson,C0615,Chicago,Finance
John A. Gonzalez,C0616,Chicago,Insurance
Aisha Martin,C0617,Phoenix,Retail
Aisha Jones,C0618,Orlando,Finance
Abigail Z. King,C0619,San Jose,Technology
Mason Williams,C0620,Atlanta,Finance
Liam-Daniel Hernandez,C0621,New York,Retail
Aisha Miller,C0622,New York,Finance
Aryan-Daniel Clark,C0623,Seattle,Manufacturing
Sara Moore,C0624,Chicago,Healthcare
Sophia Young,C0625,San Jose,Manufacturing
James Garcia,C0626,Phoenix,Finance
Isabella V. Anderson,C0627,Las Vegas,Healthcare
Pat Garcia,C0628,San Jose,Finance
David Hernandez,C0629,Phoenix,Education
Mohamed Jackson,C0630,Phoenix,Hospitality
Ella Wilson,C0631,Boston,Hospitality
Liam Lewis,C0632,Dallas,Manufacturing
Chris-Sophia Smith,C0633,Boston,Healthcare
James Smith,C0634,Orlando,Technology
Ana Davis,C0635,Austin,Healthcare
Chris-Aryan Gonzalez,C0636,Las Vegas,Telecom
Emma Gonzalez,C0637,Orlando,Finance
Isabella Brown,C0638,San Jose,Finance
Isabella V. Thompson,C0639,Chicago,Manufacturing
Maria Rodriguez,C0640,San Jose,Education
James-Li Hernandez,C0641,Chicago,Hospitality
Ana O. Jones,C0642,Austin,Education
Emma Brown,C0643,Miami,Insurance
Maria Hernandez,C0644,Chicago,Technology
Michael-Michael Gonzalez,C0645,Portland,Education
Chris Williams,C0646,San Jose,Telecom
Sara Lee,C0647,Chicago,Healthcare
Noah Allen,C0648,Miami,Finance
Olivia Brown,C0649,Seattle,Healthcare
Michael Lewis,C0650,Portland,Logistics
Aisha Lee,C0651,New York,Hospitality
Aaryan-Mohamed Wright,C0652,Miami,Insurance
Ella Z. Jones,C0653,Boston,Finance
Sara S. Hernandez,C0654,San Jose,Logistics
Liam Smith,C0655,Boston,Manufacturing
Joseph Miller,C0656,Chicago,Healthcare
Mia White,C0657,Austin,Logistics
David-Noah Jackson,C0658,Chicago,Logistics
Li Lopez,C0659,Atlanta,Telecom
Ella Smith,C0660,Boston,Insurance
Sophia Young,C0661,Dallas,Education
Noah K. Rodriguez,C0662,New York,Manufacturing
John King,C0663,San Diego,Insurance
Mason Anderson,C0664,Chicago,Finance
Aryan Lee,C0665,San Diego,Healthcare
Abigail Garcia,C0666,San Jose,Education
Joseph Hall,C0667,Miami,Hospitality
James Young,C0668,New York,Healthcare
Harper Gonzalez,C0669,Chicago,Hospitality
Li Hall,C0670,Austin,Telecom
Maria-Aryan Miller,C0671,New York,Manufacturing
John Martin,C0672,New York,Manufacturing
Ella Jones,C0673,San Diego,Education
Sara W. Smith,C0674,Las Vegas,Retail
Abigail Brown,C0675,Denver,Education
Harper Lee,C0676,Phoenix,Education
Chris Miller,C0677,Atlanta,Insurance
Lucas R. Martinez,C0678,Orlando,Hospitality
Ella Anderson,C0679,Chicago,Logistics
Maria Clark,C0680,Orlando,Healthcare
Harper Thompson,C0681,New York,Healthcare
Pat White,C0682,New York,Manufacturing
Lucas P. Thompson,C0683,Chicago,Education
Evelyn Williams,C0684,Chicago,Finance
Michael Gonzalez,C0685,Boston,Insurance
John Rodriguez,C0686,Boston,Technology
Ella-Olivia Brown,C0687,Orlando,Logistics
Pat King,C0688,Boston,Telecom
Noah Brown,C0689,New York,Manufacturing
Pat B. Hernandez,C0690,Phoenix,Healthcare
James-Pat Rodriguez,C0691,Las Vegas,Logistics
Pat C. Clark,C0692,Boston,Hospitality
Mia-Lucas King,C0693,Chicago,Hospitality
David D. Thomas,C0694,Boston,Manufacturing
Li Thomas,C0695,Orlando,Telecom
Aaryan Lee,C0696,Seattle,Logistics
Isabella Jackson,C0697,Boston,Healthcare
Emma Williams,C0698,New York,Insurance
Li F. Brown,C0699,Atlanta,Technology
Mohamed Moore,C0700,San Jose,Insurance
Liam-Sophia King,C0701,San Jose,Retail
Aisha King,C0702,Seattle,Technology
Olivia Hernandez,C0703,New York,Healthcare
Chris-Amelia Lewis,C0704,Boston,Telecom
Emma Lewis,C0705,Portland,Logistics
Michael Martin,C0706,Portland,Insurance
Isabella King,C0707,San Jose,Healthcare
Mason Thompson,C0708,Atlanta,Hospitality
Chris Brown,C0709,Chicago,Manufacturing
Ella N. Davis,C0710,Denver,Logistics
Li Hall,C0711,Phoenix,Education
Joseph-Noah Clark,C0712,Dallas,Logistics
Sophia Martinez,C0713,Las Vegas,Healthcare
Ella Gonzalez,C0714,San Jose,Finance
Emma S. Jones,C0715,New York,Finance
Joseph Brown,C0716,Phoenix,Telecom
David Anderson,C0717,Atlanta,Insurance
Isabella White,C0718,San Jose,Retail
Mia White,C0719,San Jose,Education
Harper P. Garcia,C0720,Las Vegas,Technology
David Z. Anderson,C0721,Phoenix,Technology
Aaryan Hall,C0722,Denver,Manufacturing
Chris Wilson,C0723,Portland,Education
Aaryan Clark,C0724,Miami,Insurance
Li Wright,C0725,San Diego,Telecom
Daniel Anderson,C0726,Chicago,Finance
Maria Gonzalez,C0727,Portland,Telecom
David G. Thompson,C0728,Las Vegas,Manufacturing
Michael Johnson,C0729,Las Vegas,Education
Harper Davis,C0730,Dallas,Logistics
Lucas A. Wright,C0731,Miami,Education
Liam White,C0732,Austin,Hospitality
Sophia Anderson,C0733,Phoenix,Finance
Maria Smith,C0734,New York,Manufacturing
Daniel Garcia,C0735,Phoenix,Logistics
Mason Smith,C0736,Atlanta,Healthcare
Liam F. Wright,C0737,New York,Healthcare
Aryan Rodriguez,C0738,Orlando,Technology
Emma King,C0739,Phoenix,Manufacturing
Olivia Wilson,C0740,San Jose,Hospitality
Ana Smith,C0741,Portland,Education
Sophia Lopez,C0742,Atlanta,Finance
Liam Williams,C0743,Boston,Technology
Aaryan Lopez,C0744,Phoenix,Manufacturing
Chris Martin,C0745,San Diego,Hospitality
Noah Lee,C0746,Seattle,Insurance
Maria Rodriguez,C0747,Orlando,Healthcare
Isabella Gonzalez,C0748,Boston,Manufacturing
Amelia Jackson,C0749,Atlanta,Education
Mason Wilson,C0750,Las Vegas,Telecom
Pat E. Wilson,C0751,Orlando,Technology
Evelyn Young,C0752,Atlanta,Education
Lucas Williams,C0753,Portland,Technology
Emma Young,C0754,New York,Technology
Olivia B. Allen,C0755,Portland,Hospitality
Isabella G. White,C0756,Dallas,Finance
Daniel Lee,C0757,Seattle,Retail
Chris Davis,C0758,Las Vegas,Insurance
Chris Martinez,C0759,Denver,Insurance
James Lopez,C0760,Seattle,Healthcare
Olivia Rodriguez,C0761,New York,Retail
Liam-Mia Young,C0762,San Jose,Logistics
Noah Thomas,C0763,Seattle,Telecom
Li-James Clark,C0764,San Diego,Telecom
Li Smith,C0765,Miami,Manufacturing
Harper King,C0766,San Jose,Telecom
Isabella B. Wilson,C0767,Phoenix,Technology
Olivia Clark,C0768,San Jose,Retail
James King,C0769,Chicago,Logistics
John Garcia,C0770,Miami,Healthcare
Isabella L. Martin,C0771,Orlando,Healthcare
Noah King,C0772,New York,Healthcare
Mia Johnson,C0773,Seattle,Healthcare
Harper Brown,C0774,Dallas,Technology
Liam W. Gonzalez,C0775,Atlanta,Healthcare
Maria Thomas,C0776,Phoenix,Hospitality
Mia D. Gonzalez,C0777,Dallas,Hospitality
Ana D. Wilson,C0778,Austin,Manufacturing
Mia Davis,C0779,Miami,Education
Harper-Liam Thomas,C0780,Las Vegas,Manufacturing
Harper Wright,C0781,Seattle,Finance
Joseph Brown,C0782,Chicago,Finance
Abigail X. Martin,C0783,Denver,Technology
Lucas Garcia,C0784,Phoenix,Insurance
Sara Brown,C0785,Portland,Technology
Aisha Young,C0786,Denver,Finance
Daniel-Chris Lewis,C0787,Atlanta,Retail
James Anderson,C0788,Phoenix,Finance
Aisha Hall,C0789,San Jose,Insurance
Aaryan Hall,C0790,San Diego,Logistics
Lucas King,C0791,Orlando,Healthcare
Daniel S. Miller,C0792,Austin,Hospitality
Amelia Hernandez,C0793,Boston,Hospitality
John Allen,C0794,Las Vegas,Retail
Liam Wright,C0795,Austin,Healthcare
Mohamed-Daniel Rodriguez,C0796,Atlanta,Telecom
Abigail Clark,C0797,Atlanta,Education
Mason Martin,C0798,San Jose,Manufacturing
Liam Anderson,C0799,Chicago,Telecom
David U. White,C0800,Las Vegas,Retail
Mason Allen,C0801,Chicago,Finance
Abigail Moore,C0802,Phoenix,Healthcare
Mason Garcia,C0803,Portland,Manufacturing
Mohamed Hernandez,C0804,Denver,Insurance
Olivia P. Martinez,C0805,Orlando,Healthcare
Ana Taylor,C0806,Seattle,Finance
Ella White,C0807,Las Vegas,Telecom
Sophia Davis,C0808,Boston,Education
Michael Johnson,C0809,Boston,Telecom
Abigail White,C0810,Boston,Insurance
Ana Brown,C0811,Boston,Education
Michael Lopez,C0812,Dallas,Education
Harper F. Brown,C0813,Austin,Retail
Michael Gonzalez,C0814,Phoenix,Hospitality
Li M. Davis,C0815,Miami,Insurance
Michael Young,C0816,San Diego,Logistics
Sara Wright,C0817,Denver,Insurance
Olivia Lee,C0818,Austin,Healthcare
Mason N. Clark,C0819,Portland,Hospitality
Liam Wright,C0820,Chicago,Hospitality
Pat Clark,C0821,Atlanta,Hospitality
Mia King,C0822,San Jose,Hospitality
Joseph Gonzalez,C0823,Boston,Technology
Olivia N. Young,C0824,New York,Telecom
Maria Hall,C0825,Orlando,Telecom
Lucas Davis,C0826,Phoenix,Education
Joseph W. Lee,C0827,Atlanta,Retail
Mason Jackson,C0828,Denver,Education
Sophia Moore,C0829,Orlando,Logistics
Amelia Clark,C0830,Las Vegas,Logistics
Ella-Chris Smith,C0831,Seattle,Healthcare
Li Rodriguez,C0832,Phoenix,Technology
Chris Z. Hall,C0833,Phoenix,Manufacturing
Abigail O. Jackson,C0834,Denver,Hospitality
Daniel Lee,C0835,Orlando,Telecom
Noah Garcia,C0836,Orlando,Technology
Harper M. Lee,C0837,San Jose,Logistics
Ella Lee,C0838,Seattle,Technology
Li White,C0839,Austin,Manufacturing
Joseph Lopez,C0840,San Diego,Hospitality
Sophia Clark,C0841,Miami,Technology
Olivia-Pat Miller,C0842,Orlando,Telecom
Ana I. Taylor,C0843,Dallas,Technology
Chris Miller,C0844,Boston,Insurance
Harper E. Wright,C0845,Las Vegas,Education
Mia Johnson,C0846,Portland,Technology
Liam Young,C0847,San Diego,Education
Mason Garcia,C0848,San Diego,Telecom
Pat Thomas,C0849,Boston,Manufacturing
David Davis,C0850,Phoenix,Manufacturing
Abigail White,C0851,Portland,Healthcare
Ana Lee,C0852,Atlanta,Hospitality
Joseph-David White,C0853,Boston,Logistics
Joseph Young,C0854,Dallas,Technology
John Wright,C0855,Dallas,Telecom
Olivia U. Moore,C0856,Miami,Education
Mason Williams,C0857,San Diego,Telecom
Sophia Smith,C0858,Atlanta,Manufacturing
Daniel Lee,C0859,Dallas,Logistics
Lucas Hall,C0860,Chicago,Healthcare
Olivia-Sara Gonzalez,C0861,Chicago,Technology
Sophia Williams,C0862,Phoenix,Logistics
Noah Hernandez,C0863,Seattle,Logistics
Amelia Brown,C0864,New York,Finance
Abigail Clark,C0865,Denver,Education
Joseph Z. Martin,C0866,Atlanta,Technology
Mia Williams,C0867,San Jose,Logistics
Michael F. Lee,C0868,Dallas,Manufacturing
Chris Clark,C0869,Dallas,Technology
Lucas Jones,C0870,San Diego,Education
John Jackson,C0871,Seattle,Healthcare
Isabella White,C0872,Denver,Technology
Li Clark,C0873,Miami,Logistics
David Lopez,C0874,Chicago,Manufacturing
Mia Hall,C0875,Atlanta,Hospitality
Daniel Johnson,C0876,Dallas,Insurance
Lucas V. Jackson,C0877,Denver,Technology
Ana Davis,C0878,Boston,Education
Chris Lee,C0879,New York,Finance
David Davis,C0880,New York,Technology
Harper S. Thompson,C0881,Boston,Education
Emma H. Miller,C0882,San Diego,Manufacturing
Harper Clark,C0883,Boston,Retail
Amelia Clark,C0884,Austin,Education
Abigail Wilson,C0885,Atlanta,Hospitality
Mohamed Hall,C0886,Las Vegas,Telecom
Li Rodriguez,C0887,Orlando,Finance
David Smith,C0888,Portland,Hospitality
Isabella Taylor,C0889,Seattle,Telecom
Aaryan Jackson,C0890,Atlanta,Retail
Aisha Taylor,C0891,Orlando,Technology
Chris-Aisha Hernandez,C0892,Dallas,Healthcare
Amelia Garcia,C0893,New York,Retail
Abigail F. Martin,C0894,Chicago,Hospitality
Isabella Lee,C0895,Orlando,Insurance
Aisha Johnson,C0896,Denver,Technology
Aisha G. Garcia,C0897,Dallas,Education
Noah Moore,C0898,Seattle,Education
Ana Gonzalez,C0899,Phoenix,Technology
Isabella Jackson,C0900,San Jose,Education
Isabella-Aaryan Lopez,C0901,San Jose,Manufacturing
Mason Taylor,C0902,Austin,Insurance
David E. White,C0903,Austin,Retail
Aryan Williams,C0904,Chicago,Retail
Pat Anderson,C0905,Atlanta,Manufacturing
Emma Young,C0906,Atlanta,Insurance
Liam Davis,C0907,San Jose,Healthcare
Aryan S. Johnson,C0908,Chicago,Retail
Lucas S. Martin,C0909,Chicago,Healthcare
Pat Rodriguez,C0910,San Jose,Hospitality
Isabella X. Lopez,C0911,Orlando,Technology
Mohamed Davis,C0912,Portland,Insurance
Pat Garcia,C0913,San Diego,Hospitality
Michael Lewis,C0914,Phoenix,Retail
Evelyn Lee,C0915,New York,Finance
Aryan Taylor,C0916,Miami,Telecom
Daniel Wright,C0917,Chicago,Hospitality
Ana Miller,C0918,Seattle,Telecom
Mason P. Lewis,C0919,Atlanta,Retail
David-Abigail White,C0920,Atlanta,Logistics
Mason-Mason Thomas,C0921,San Jose,Manufacturing
Ella Moore,C0922,New York,Hospitality
Ana P. Thomas,C0923,San Diego,Manufacturing
Joseph T. Allen,C0924,Las Vegas,Telecom
Emma Rodriguez,C0925,San Diego,Healthcare
Isabella A. Martin,C0926,San Jose,Manufacturing
Harper Young,C0927,Chicago,Logistics
Lucas Thompson,C0928,San Jose,Hospitality
Aisha White,C0929,San Diego,Manufacturing
Emma Jackson,C0930,Boston,Telecom
Sophia Moore,C0931,Boston,Logistics
Evelyn Jones,C0932,Orlando,Manufacturing
Olivia Young,C0933,Miami,Telecom
Noah Young,C0934,Orlando,Healthcare
Pat-Mohamed Taylor,C0935,Portland,Retail
Liam-Aaryan Wright,C0936,Miami,Education
Mohamed M. White,C0937,Las Vegas,Logistics
Mia Lopez,C0938,New York,Healthcare
Abigail P. Hall,C0939,Austin,Healthcare
Li Allen,C0940,Phoenix,Manufacturing
Sara Young,C0941,Miami,Hospitality
Pat H. Lee,C0942,Atlanta,Healthcare
Pat Williams,C0943,Boston,Logistics
Noah-Harper Thompson,C0944,Denver,Finance
Sophia Wilson,C0945,New York,Education
Aisha Hall,C0946,Miami,Insurance
Joseph Taylor,C0947,San Jose,Telecom
Ana J. Jackson,C0948,Boston,Finance
Ella Martin,C0949,Portland,Hospitality
Aaryan Gonzalez,C0950,Austin,Manufacturing
Abigail Martinez,C0951,Austin,Hospitality
Daniel Smith,C0952,San Jose,Manufacturing
Amelia Gonzalez,C0953,Boston,Telecom
Sophia Smith,C0954,Phoenix,Finance
Noah Lee,C0955,Dallas,Retail
Liam Martinez,C0956,Phoenix,Retail
Evelyn Lee,C0957,Orlando,Manufacturing
Aryan Clark,C0958,Miami,Manufacturing
Michael Garcia,C0959,San Diego,Finance
Ana V. Wright,C0960,Austin,Hospitality
John Lewis,C0961,Portland,Insurance
Aisha White,C0962,Las Vegas,Hospitality
Daniel Rodriguez,C0963,Las Vegas,Telecom
Aaryan Taylor,C0964,Seattle,Telecom
Ella Thomas,C0965,Dallas,Education
Noah Allen,C0966,Denver,Telecom
Olivia-Li Martinez,C0967,San Jose,Hospitality
Ana Martinez,C0968,Chicago,Telecom
Aaryan Garcia,C0969,Boston,Education
Pat Moore,C0970,San Diego,Education
Aisha Allen,C0971,New York,Retail
Isabella-Aaryan Lee,C0972,San Diego,Manufacturing
Sophia Thomas,C0973,San Diego,Retail
Liam N. Young,C0974,Austin,Retail
David Allen,C0975,Boston,Insurance
Maria Rodriguez,C0976,San Jose,Finance
Harper I. Miller,C0977,Austin,Finance
Olivia Clark,C0978,Dallas,Telecom
Joseph-Ana Young,C0979,Boston,Hospitality
Li Thompson,C0980,Chicago,Technology
Aisha Martinez,C0981,Orlando,Insurance
David Williams,C0982,Atlanta,Retail
Daniel Miller,C0983,San Jose,Hospitality
Isabella-Pat Taylor,C0984,Boston,Manufacturing
James Martinez,C0985,New York,Logistics
Aaryan King,C0986,Boston,Hospitality
Mason Hernandez,C0987,Seattle,Retail
Evelyn Garcia,C0988,Orlando,Finance
Li-Joseph Miller,C0989,Las Vegas,Insurance
Sophia M. Johnson,C0990,Dallas,Finance
Ana-Joseph Rodriguez,C0991,Las Vegas,Logistics
Maria Garcia,C0992,Atlanta,Retail
Chris-Amelia Martin,C0993,Boston,Education
Daniel Moore,C0994,Las Vegas,Technology
Sophia W. Hernandez,C0995,Dallas,Retail
Isabella White,C0996,Las Vegas,Hospitality
Emma Martin,C0997,Las Vegas,Education
Liam-Maria Jackson,C0998,Boston,Logistics
Aaryan-Michael Jones,C0999,San Diego,Retail
Aisha-Joseph Wilson,C1000,Austin,Insurance
